-- REGIONS
INSERT INTO REGIONS (REGION_ID, REGION_NAME) VALUES (1, 'Europe');
INSERT INTO REGIONS (REGION_ID, REGION_NAME) VALUES (2, 'Americas');
INSERT INTO REGIONS (REGION_ID, REGION_NAME) VALUES (3, 'Asia');
INSERT INTO REGIONS (REGION_ID, REGION_NAME) VALUES (4, 'Middle East and Africa');

-- COUNTRIES
INSERT INTO COUNTRIES (COUNTRY_ID, COUNTRY_NAME, REGION_ID) VALUES ('US', 'United States', 2);
INSERT INTO COUNTRIES (COUNTRY_ID, COUNTRY_NAME, REGION_ID) VALUES ('CA', 'Canada', 2);
INSERT INTO COUNTRIES (COUNTRY_ID, COUNTRY_NAME, REGION_ID) VALUES ('DE', 'Germany', 1);
INSERT INTO COUNTRIES (COUNTRY_ID, COUNTRY_NAME, REGION_ID) VALUES ('IN', 'India', 3);
INSERT INTO COUNTRIES (COUNTRY_ID, COUNTRY_NAME, REGION_ID) VALUES ('ZA', 'South Africa', 4);

-- LOCATIONS
INSERT INTO LOCATIONS (LOCATION_ID, STREET_ADDRESS, POSTAL_CODE, CITY, STATE_PROVINCE, COUNTRY_ID)
VALUES (1000, '100 Market St', '94105', 'San Francisco', 'California', 'US');

INSERT INTO LOCATIONS (LOCATION_ID, STREET_ADDRESS, POSTAL_CODE, CITY, STATE_PROVINCE, COUNTRY_ID)
VALUES (1001, '200 Bay St', 'M5J 2J5', 'Toronto', 'Ontario', 'CA');

INSERT INTO LOCATIONS (LOCATION_ID, STREET_ADDRESS, POSTAL_CODE, CITY, STATE_PROVINCE, COUNTRY_ID)
VALUES (1002, '300 Alexanderplatz', '10178', 'Berlin', 'Berlin', 'DE');

INSERT INTO LOCATIONS (LOCATION_ID, STREET_ADDRESS, POSTAL_CODE, CITY, STATE_PROVINCE, COUNTRY_ID)
VALUES (1003, '400 Connaught Place', '110001', 'New Delhi', 'Delhi', 'IN');

INSERT INTO LOCATIONS (LOCATION_ID, STREET_ADDRESS, POSTAL_CODE, CITY, STATE_PROVINCE, COUNTRY_ID)
VALUES (1004, '500 Nelson Mandela Blvd', '8000', 'Cape Town', 'Western Cape', 'ZA');